arm,slice,class,metric,value,n_images,n_instances,reportable,timestamp
base_100,overall,all,mAP50-95,0.34383,8841,97193,True,2026-09-10T03:22:39.258680+00:00
base_100,overall,all,mAP50,0.54775,8841,97193,True,2026-09-10T03:22:39.258680+00:00
base_100,overall,all,mAP75,0.34743,8841,97193,True,2026-09-10T03:22:39.258680+00:00
base_100,overall,car,mAP50-95,0.47525,8841,91118,True,2026-09-10T03:22:39.258680+00:00
base_100,overall,car,mAP50,0.78792,8841,91118,True,2026-09-10T03:22:39.258680+00:00
base_100,overall,car,mAP75,0.46953,8841,91118,True,2026-09-10T03:22:39.258680+00:00
base_100,overall,truck,mAP50-95,0.4263,8841,3608,True,2026-09-10T03:22:39.258680+00:00
base_100,overall,truck,mAP50,0.58309,8841,3608,True,2026-09-10T03:22:39.258680+00:00
base_100,overall,truck,mAP75,0.47389,8841,3608,True,2026-09-10T03:22:39.258680+00:00
base_100,overall,bus,mAP50-95,0.41511,8841,1351,True,2026-09-10T03:22:39.258680+00:00
base_100,overall,bus,mAP50,0.5378,8841,1351,True,2026-09-10T03:22:39.258680+00:00
base_100,overall,bus,mAP75,0.46239,8841,1351,True,2026-09-10T03:22:39.258680+00:00
base_100,overall,motor,mAP50-95,0.18363,8841,377,False,2026-09-10T03:22:39.258680+00:00
base_100,overall,motor,mAP50,0.37564,8841,377,False,2026-09-10T03:22:39.258680+00:00
base_100,overall,motor,mAP75,0.15196,8841,377,False,2026-09-10T03:22:39.258680+00:00
base_100,overall,bike,mAP50-95,0.21888,8841,739,False,2026-09-10T03:22:39.258680+00:00
base_100,overall,bike,mAP50,0.45431,8841,739,False,2026-09-10T03:22:39.258680+00:00
base_100,overall,bike,mAP75,0.1794,8841,739,False,2026-09-10T03:22:39.258680+00:00
base_100,adverse,all,mAP50-95,0.33675,1519,15765,True,2026-09-10T03:22:39.258680+00:00
base_100,adverse,all,mAP50,0.5175,1519,15765,True,2026-09-10T03:22:39.258680+00:00
base_100,adverse,all,mAP75,0.35437,1519,15765,True,2026-09-10T03:22:39.258680+00:00
base_100,adverse,car,mAP50-95,0.48754,1519,14568,True,2026-09-10T03:22:39.258680+00:00
base_100,adverse,car,mAP50,0.79447,1519,14568,True,2026-09-10T03:22:39.258680+00:00
base_100,adverse,car,mAP75,0.49046,1519,14568,True,2026-09-10T03:22:39.258680+00:00
base_100,adverse,truck,mAP50-95,0.43158,1519,754,False,2026-09-10T03:22:39.258680+00:00
base_100,adverse,truck,mAP50,0.59794,1519,754,False,2026-09-10T03:22:39.258680+00:00
base_100,adverse,truck,mAP75,0.48468,1519,754,False,2026-09-10T03:22:39.258680+00:00
base_100,adverse,bus,mAP50-95,0.38828,1519,265,False,2026-09-10T03:22:39.258680+00:00
base_100,adverse,bus,mAP50,0.4969,1519,265,False,2026-09-10T03:22:39.258680+00:00
base_100,adverse,bus,mAP75,0.42891,1519,265,False,2026-09-10T03:22:39.258680+00:00
base_100,adverse,motor,mAP50-95,0.19407,1519,40,False,2026-09-10T03:22:39.258680+00:00
base_100,adverse,motor,mAP50,0.30442,1519,40,False,2026-09-10T03:22:39.258680+00:00
base_100,adverse,motor,mAP75,0.20613,1519,40,False,2026-09-10T03:22:39.258680+00:00
base_100,adverse,bike,mAP50-95,0.18228,1519,138,False,2026-09-10T03:22:39.258680+00:00
base_100,adverse,bike,mAP50,0.39378,1519,138,False,2026-09-10T03:22:39.258680+00:00
base_100,adverse,bike,mAP75,0.16168,1519,138,False,2026-09-10T03:22:39.258680+00:00
base_100,benign,all,mAP50-95,0.34623,7322,81428,True,2026-09-10T03:22:39.258680+00:00
base_100,benign,all,mAP50,0.55357,7322,81428,True,2026-09-10T03:22:39.258680+00:00
base_100,benign,all,mAP75,0.34786,7322,81428,True,2026-09-10T03:22:39.258680+00:00
base_100,benign,car,mAP50-95,0.47307,7322,76550,True,2026-09-10T03:22:39.258680+00:00
base_100,benign,car,mAP50,0.78703,7322,76550,True,2026-09-10T03:22:39.258680+00:00
base_100,benign,car,mAP75,0.46632,7322,76550,True,2026-09-10T03:22:39.258680+00:00
base_100,benign,truck,mAP50-95,0.42506,7322,2854,True,2026-09-10T03:22:39.258680+00:00
base_100,benign,truck,mAP50,0.57929,7322,2854,True,2026-09-10T03:22:39.258680+00:00
base_100,benign,truck,mAP75,0.47085,7322,2854,True,2026-09-10T03:22:39.258680+00:00
base_100,benign,bus,mAP50-95,0.42246,7322,1086,True,2026-09-10T03:22:39.258680+00:00
base_100,benign,bus,mAP50,0.54814,7322,1086,True,2026-09-10T03:22:39.258680+00:00
base_100,benign,bus,mAP75,0.47119,7322,1086,True,2026-09-10T03:22:39.258680+00:00
base_100,benign,motor,mAP50-95,0.1841,7322,337,False,2026-09-10T03:22:39.258680+00:00
base_100,benign,motor,mAP50,0.38548,7322,337,False,2026-09-10T03:22:39.258680+00:00
base_100,benign,motor,mAP75,0.14815,7322,337,False,2026-09-10T03:22:39.258680+00:00
base_100,benign,bike,mAP50-95,0.22648,7322,601,False,2026-09-10T03:22:39.258680+00:00
base_100,benign,bike,mAP50,0.46791,7322,601,False,2026-09-10T03:22:39.258680+00:00
base_100,benign,bike,mAP75,0.18279,7322,601,False,2026-09-10T03:22:39.258680+00:00
base_100,clear,all,mAP50-95,0.34428,5345,56667,True,2026-09-10T03:22:39.258680+00:00
base_100,clear,all,mAP50,0.55393,5345,56667,True,2026-09-10T03:22:39.258680+00:00
base_100,clear,all,mAP75,0.34691,5345,56667,True,2026-09-10T03:22:39.258680+00:00
base_100,clear,car,mAP50-95,0.45888,5345,53654,True,2026-09-10T03:22:39.258680+00:00
base_100,clear,car,mAP50,0.77882,5345,53654,True,2026-09-10T03:22:39.258680+00:00
base_100,clear,car,mAP75,0.44777,5345,53654,True,2026-09-10T03:22:39.258680+00:00
base_100,clear,truck,mAP50-95,0.41655,5345,1740,True,2026-09-10T03:22:39.258680+00:00
base_100,clear,truck,mAP50,0.56203,5345,1740,True,2026-09-10T03:22:39.258680+00:00
base_100,clear,truck,mAP75,0.46773,5345,1740,True,2026-09-10T03:22:39.258680+00:00
base_100,clear,bus,mAP50-95,0.42098,5345,682,False,2026-09-10T03:22:39.258680+00:00
base_100,clear,bus,mAP50,0.54273,5345,682,False,2026-09-10T03:22:39.258680+00:00
base_100,clear,bus,mAP75,0.48169,5345,682,False,2026-09-10T03:22:39.258680+00:00
base_100,clear,motor,mAP50-95,0.19472,5345,200,False,2026-09-10T03:22:39.258680+00:00
base_100,clear,motor,mAP50,0.41884,5345,200,False,2026-09-10T03:22:39.258680+00:00
base_100,clear,motor,mAP75,0.14403,5345,200,False,2026-09-10T03:22:39.258680+00:00
base_100,clear,bike,mAP50-95,0.23029,5345,391,False,2026-09-10T03:22:39.258680+00:00
base_100,clear,bike,mAP50,0.46726,5345,391,False,2026-09-10T03:22:39.258680+00:00
base_100,clear,bike,mAP75,0.19334,5345,391,False,2026-09-10T03:22:39.258680+00:00
base_100,dawndusk,all,mAP50-95,0.36457,714,8512,True,2026-09-10T03:22:39.258680+00:00
base_100,dawndusk,all,mAP50,0.5739,714,8512,True,2026-09-10T03:22:39.258680+00:00
base_100,dawndusk,all,mAP75,0.37275,714,8512,True,2026-09-10T03:22:39.258680+00:00
base_100,dawndusk,car,mAP50-95,0.49398,714,7964,True,2026-09-10T03:22:39.258680+00:00
base_100,dawndusk,car,mAP50,0.79259,714,7964,True,2026-09-10T03:22:39.258680+00:00
base_100,dawndusk,car,mAP75,0.50068,714,7964,True,2026-09-10T03:22:39.258680+00:00
base_100,dawndusk,truck,mAP50-95,0.45403,714,340,False,2026-09-10T03:22:39.258680+00:00
base_100,dawndusk,truck,mAP50,0.62714,714,340,False,2026-09-10T03:22:39.258680+00:00
base_100,dawndusk,truck,mAP75,0.51703,714,340,False,2026-09-10T03:22:39.258680+00:00
base_100,dawndusk,bus,mAP50-95,0.50701,714,127,False,2026-09-10T03:22:39.258680+00:00
base_100,dawndusk,bus,mAP50,0.641,714,127,False,2026-09-10T03:22:39.258680+00:00
base_100,dawndusk,bus,mAP75,0.56733,714,127,False,2026-09-10T03:22:39.258680+00:00
base_100,dawndusk,motor,mAP50-95,0.10906,714,22,False,2026-09-10T03:22:39.258680+00:00
base_100,dawndusk,motor,mAP50,0.2689,714,22,False,2026-09-10T03:22:39.258680+00:00
base_100,dawndusk,motor,mAP75,0.08275,714,22,False,2026-09-10T03:22:39.258680+00:00
base_100,dawndusk,bike,mAP50-95,0.25876,714,59,False,2026-09-10T03:22:39.258680+00:00
base_100,dawndusk,bike,mAP50,0.53986,714,59,False,2026-09-10T03:22:39.258680+00:00
base_100,dawndusk,bike,mAP75,0.19593,714,59,False,2026-09-10T03:22:39.258680+00:00
base_100,day,all,mAP50-95,0.34463,4264,51930,True,2026-09-10T03:22:39.258680+00:00
base_100,day,all,mAP50,0.54074,4264,51930,True,2026-09-10T03:22:39.258680+00:00
base_100,day,all,mAP75,0.3494,4264,51930,True,2026-09-10T03:22:39.258680+00:00
base_100,day,car,mAP50-95,0.50241,4264,47715,True,2026-09-10T03:22:39.258680+00:00
base_100,day,car,mAP50,0.80178,4264,47715,True,2026-09-10T03:22:39.258680+00:00
base_100,day,car,mAP75,0.50757,4264,47715,True,2026-09-10T03:22:39.258680+00:00
base_100,day,truck,mAP50-95,0.42867,4264,2532,True,2026-09-10T03:22:39.258680+00:00
base_100,day,truck,mAP50,0.58751,4264,2532,True,2026-09-10T03:22:39.258680+00:00
base_100,day,truck,mAP75,0.4713,4264,2532,True,2026-09-10T03:22:39.258680+00:00
base_100,day,bus,mAP50-95,0.40172,4264,927,True,2026-09-10T03:22:39.258680+00:00
base_100,day,bus,mAP50,0.52241,4264,927,True,2026-09-10T03:22:39.258680+00:00
base_100,day,bus,mAP75,0.44214,4264,927,True,2026-09-10T03:22:39.258680+00:00
base_100,day,motor,mAP50-95,0.19057,4264,262,False,2026-09-10T03:22:39.258680+00:00
base_100,day,motor,mAP50,0.37355,4264,262,False,2026-09-10T03:22:39.258680+00:00
base_100,day,motor,mAP75,0.16174,4264,262,False,2026-09-10T03:22:39.258680+00:00
base_100,day,bike,mAP50-95,0.19976,4264,494,False,2026-09-10T03:22:39.258680+00:00
base_100,day,bike,mAP50,0.41847,4264,494,False,2026-09-10T03:22:39.258680+00:00
base_100,day,bike,mAP75,0.16426,4264,494,False,2026-09-10T03:22:39.258680+00:00
base_100,day_adverse,all,mAP50-95,0.34023,823,9252,True,2026-09-10T03:22:39.258680+00:00
base_100,day_adverse,all,mAP50,0.52615,823,9252,True,2026-09-10T03:22:39.258680+00:00
base_100,day_adverse,all,mAP75,0.35173,823,9252,True,2026-09-10T03:22:39.258680+00:00
base_100,day_adverse,car,mAP50-95,0.50909,823,8401,True,2026-09-10T03:22:39.258680+00:00
base_100,day_adverse,car,mAP50,0.80948,823,8401,True,2026-09-10T03:22:39.258680+00:00
base_100,day_adverse,car,mAP75,0.51961,823,8401,True,2026-09-10T03:22:39.258680+00:00
base_100,day_adverse,truck,mAP50-95,0.43541,823,540,False,2026-09-10T03:22:39.258680+00:00
base_100,day_adverse,truck,mAP50,0.60693,823,540,False,2026-09-10T03:22:39.258680+00:00
base_100,day_adverse,truck,mAP75,0.48503,823,540,False,2026-09-10T03:22:39.258680+00:00
base_100,day_adverse,bus,mAP50-95,0.35705,823,194,False,2026-09-10T03:22:39.258680+00:00
base_100,day_adverse,bus,mAP50,0.46096,823,194,False,2026-09-10T03:22:39.258680+00:00
base_100,day_adverse,bus,mAP75,0.38412,823,194,False,2026-09-10T03:22:39.258680+00:00
base_100,day_adverse,motor,mAP50-95,0.22203,823,23,False,2026-09-10T03:22:39.258680+00:00
base_100,day_adverse,motor,mAP50,0.35494,823,23,False,2026-09-10T03:22:39.258680+00:00
base_100,day_adverse,motor,mAP75,0.22183,823,23,False,2026-09-10T03:22:39.258680+00:00
base_100,day_adverse,bike,mAP50-95,0.17758,823,94,False,2026-09-10T03:22:39.258680+00:00
base_100,day_adverse,bike,mAP50,0.39843,823,94,False,2026-09-10T03:22:39.258680+00:00
base_100,day_adverse,bike,mAP75,0.14804,823,94,False,2026-09-10T03:22:39.258680+00:00
base_100,day_clear,all,mAP50-95,0.3486,1764,21352,True,2026-09-10T03:22:39.258680+00:00
base_100,day_clear,all,mAP50,0.54073,1764,21352,True,2026-09-10T03:22:39.258680+00:00
base_100,day_clear,all,mAP75,0.35772,1764,21352,True,2026-09-10T03:22:39.258680+00:00
base_100,day_clear,car,mAP50-95,0.49628,1764,19633,True,2026-09-10T03:22:39.258680+00:00
base_100,day_clear,car,mAP50,0.79349,1764,19633,True,2026-09-10T03:22:39.258680+00:00
base_100,day_clear,car,mAP75,0.50067,1764,19633,True,2026-09-10T03:22:39.258680+00:00
base_100,day_clear,truck,mAP50-95,0.42337,1764,1021,True,2026-09-10T03:22:39.258680+00:00
base_100,day_clear,truck,mAP50,0.56899,1764,1021,True,2026-09-10T03:22:39.258680+00:00
base_100,day_clear,truck,mAP75,0.46783,1764,1021,True,2026-09-10T03:22:39.258680+00:00
base_100,day_clear,bus,mAP50-95,0.42108,1764,380,False,2026-09-10T03:22:39.258680+00:00
base_100,day_clear,bus,mAP50,0.53735,1764,380,False,2026-09-10T03:22:39.258680+00:00
base_100,day_clear,bus,mAP75,0.48205,1764,380,False,2026-09-10T03:22:39.258680+00:00
base_100,day_clear,motor,mAP50-95,0.21087,1764,111,False,2026-09-10T03:22:39.258680+00:00
base_100,day_clear,motor,mAP50,0.4241,1764,111,False,2026-09-10T03:22:39.258680+00:00
base_100,day_clear,motor,mAP75,0.1632,1764,111,False,2026-09-10T03:22:39.258680+00:00
base_100,day_clear,bike,mAP50-95,0.19141,1764,207,False,2026-09-10T03:22:39.258680+00:00
base_100,day_clear,bike,mAP50,0.37972,1764,207,False,2026-09-10T03:22:39.258680+00:00
base_100,day_clear,bike,mAP75,0.17487,1764,207,False,2026-09-10T03:22:39.258680+00:00
base_100,day_rainy,all,mAP50-95,0.3642,396,4356,True,2026-09-10T03:22:39.258680+00:00
base_100,day_rainy,all,mAP50,0.56309,396,4356,True,2026-09-10T03:22:39.258680+00:00
base_100,day_rainy,all,mAP75,0.38318,396,4356,True,2026-09-10T03:22:39.258680+00:00
base_100,day_rainy,car,mAP50-95,0.5156,396,3930,True,2026-09-10T03:22:39.258680+00:00
base_100,day_rainy,car,mAP50,0.82042,396,3930,True,2026-09-10T03:22:39.258680+00:00
base_100,day_rainy,car,mAP75,0.52504,396,3930,True,2026-09-10T03:22:39.258680+00:00
base_100,day_rainy,truck,mAP50-95,0.43299,396,272,False,2026-09-10T03:22:39.258680+00:00
base_100,day_rainy,truck,mAP50,0.60598,396,272,False,2026-09-10T03:22:39.258680+00:00
base_100,day_rainy,truck,mAP75,0.48067,396,272,False,2026-09-10T03:22:39.258680+00:00
base_100,day_rainy,bus,mAP50-95,0.36218,396,97,False,2026-09-10T03:22:39.258680+00:00
base_100,day_rainy,bus,mAP50,0.46786,396,97,False,2026-09-10T03:22:39.258680+00:00
base_100,day_rainy,bus,mAP75,0.38922,396,97,False,2026-09-10T03:22:39.258680+00:00
base_100,day_rainy,motor,mAP50-95,0.30244,396,16,False,2026-09-10T03:22:39.258680+00:00
base_100,day_rainy,motor,mAP50,0.45869,396,16,False,2026-09-10T03:22:39.258680+00:00
base_100,day_rainy,motor,mAP75,0.33303,396,16,False,2026-09-10T03:22:39.258680+00:00
base_100,day_rainy,bike,mAP50-95,0.20777,396,41,False,2026-09-10T03:22:39.258680+00:00
base_100,day_rainy,bike,mAP50,0.46249,396,41,False,2026-09-10T03:22:39.258680+00:00
base_100,day_rainy,bike,mAP75,0.18792,396,41,False,2026-09-10T03:22:39.258680+00:00
base_100,day_snowy,all,mAP50-95,0.30285,422,4842,True,2026-09-10T03:22:39.258680+00:00
base_100,day_snowy,all,mAP50,0.47357,422,4842,True,2026-09-10T03:22:39.258680+00:00
base_100,day_snowy,all,mAP75,0.3041,422,4842,True,2026-09-10T03:22:39.258680+00:00
base_100,day_snowy,car,mAP50-95,0.50377,422,4421,True,2026-09-10T03:22:39.258680+00:00
base_100,day_snowy,car,mAP50,0.80123,422,4421,True,2026-09-10T03:22:39.258680+00:00
base_100,day_snowy,car,mAP75,0.51381,422,4421,True,2026-09-10T03:22:39.258680+00:00
base_100,day_snowy,truck,mAP50-95,0.44226,422,264,False,2026-09-10T03:22:39.258680+00:00
base_100,day_snowy,truck,mAP50,0.61581,422,264,False,2026-09-10T03:22:39.258680+00:00
base_100,day_snowy,truck,mAP75,0.49452,422,264,False,2026-09-10T03:22:39.258680+00:00
base_100,day_snowy,bus,mAP50-95,0.35465,422,97,False,2026-09-10T03:22:39.258680+00:00
base_100,day_snowy,bus,mAP50,0.45309,422,97,False,2026-09-10T03:22:39.258680+00:00
base_100,day_snowy,bus,mAP75,0.38419,422,97,False,2026-09-10T03:22:39.258680+00:00
base_100,day_snowy,motor,mAP50-95,0.05941,422,7,False,2026-09-10T03:22:39.258680+00:00
base_100,day_snowy,motor,mAP50,0.14851,422,7,False,2026-09-10T03:22:39.258680+00:00
base_100,day_snowy,motor,mAP75,0.0,422,7,False,2026-09-10T03:22:39.258680+00:00
base_100,day_snowy,bike,mAP50-95,0.15417,422,53,False,2026-09-10T03:22:39.258680+00:00
base_100,day_snowy,bike,mAP50,0.34919,422,53,False,2026-09-10T03:22:39.258680+00:00
base_100,day_snowy,bike,mAP75,0.12797,422,53,False,2026-09-10T03:22:39.258680+00:00
base_100,foggy,all,mAP50-95,0.27822,13,144,False,2026-09-10T03:22:39.258680+00:00
base_100,foggy,all,mAP50,0.6461,13,144,False,2026-09-10T03:22:39.258680+00:00
base_100,foggy,all,mAP75,0.2242,13,144,False,2026-09-10T03:22:39.258680+00:00
base_100,foggy,car,mAP50-95,0.44752,13,138,False,2026-09-10T03:22:39.258680+00:00
base_100,foggy,car,mAP50,0.73038,13,138,False,2026-09-10T03:22:39.258680+00:00
base_100,foggy,car,mAP75,0.46469,13,138,False,2026-09-10T03:22:39.258680+00:00
base_100,foggy,truck,mAP50-95,0.18713,13,5,False,2026-09-10T03:22:39.258680+00:00
base_100,foggy,truck,mAP50,0.20792,13,5,False,2026-09-10T03:22:39.258680+00:00
base_100,foggy,truck,mAP75,0.20792,13,5,False,2026-09-10T03:22:39.258680+00:00
base_100,foggy,bus,mAP50-95,,13,0,False,2026-09-10T03:22:39.258680+00:00
base_100,foggy,bus,mAP50,,13,0,False,2026-09-10T03:22:39.258680+00:00
base_100,foggy,bus,mAP75,,13,0,False,2026-09-10T03:22:39.258680+00:00
base_100,foggy,motor,mAP50-95,0.2,13,1,False,2026-09-10T03:22:39.258680+00:00
base_100,foggy,motor,mAP50,1.0,13,1,False,2026-09-10T03:22:39.258680+00:00
base_100,foggy,motor,mAP75,0.0,13,1,False,2026-09-10T03:22:39.258680+00:00
base_100,foggy,bike,mAP50-95,,13,0,False,2026-09-10T03:22:39.258680+00:00
base_100,foggy,bike,mAP50,,13,0,False,2026-09-10T03:22:39.258680+00:00
base_100,foggy,bike,mAP75,,13,0,False,2026-09-10T03:22:39.258680+00:00
base_100,night,all,mAP50-95,0.34317,3863,36751,True,2026-09-10T03:22:39.258680+00:00
base_100,night,all,mAP50,0.56255,3863,36751,True,2026-09-10T03:22:39.258680+00:00
base_100,night,all,mAP75,0.34598,3863,36751,True,2026-09-10T03:22:39.258680+00:00
base_100,night,car,mAP50-95,0.4331,3863,35439,True,2026-09-10T03:22:39.258680+00:00
base_100,night,car,mAP50,0.76705,3863,35439,True,2026-09-10T03:22:39.258680+00:00
base_100,night,car,mAP75,0.41051,3863,35439,True,2026-09-10T03:22:39.258680+00:00
base_100,night,truck,mAP50-95,0.40902,3863,736,False,2026-09-10T03:22:39.258680+00:00
base_100,night,truck,mAP50,0.55295,3863,736,False,2026-09-10T03:22:39.258680+00:00
base_100,night,truck,mAP75,0.46724,3863,736,False,2026-09-10T03:22:39.258680+00:00
base_100,night,bus,mAP50-95,0.42128,3863,297,False,2026-09-10T03:22:39.258680+00:00
base_100,night,bus,mAP50,0.54484,3863,297,False,2026-09-10T03:22:39.258680+00:00
base_100,night,bus,mAP75,0.48224,3863,297,False,2026-09-10T03:22:39.258680+00:00
base_100,night,motor,mAP50-95,0.18916,3863,93,False,2026-09-10T03:22:39.258680+00:00
base_100,night,motor,mAP50,0.41824,3863,93,False,2026-09-10T03:22:39.258680+00:00
base_100,night,motor,mAP75,0.14858,3863,93,False,2026-09-10T03:22:39.258680+00:00
base_100,night,bike,mAP50-95,0.26329,3863,186,False,2026-09-10T03:22:39.258680+00:00
base_100,night,bike,mAP50,0.52967,3863,186,False,2026-09-10T03:22:39.258680+00:00
base_100,night,bike,mAP75,0.22135,3863,186,False,2026-09-10T03:22:39.258680+00:00
base_100,night_adverse,all,mAP50-95,0.36742,566,4986,True,2026-09-10T03:22:39.258680+00:00
base_100,night_adverse,all,mAP50,0.54226,566,4986,True,2026-09-10T03:22:39.258680+00:00
base_100,night_adverse,all,mAP75,0.39808,566,4986,True,2026-09-10T03:22:39.258680+00:00
base_100,night_adverse,car,mAP50-95,0.44596,566,4743,True,2026-09-10T03:22:39.258680+00:00
base_100,night_adverse,car,mAP50,0.76663,566,4743,True,2026-09-10T03:22:39.258680+00:00
base_100,night_adverse,car,mAP75,0.43672,566,4743,True,2026-09-10T03:22:39.258680+00:00
base_100,night_adverse,truck,mAP50-95,0.39115,566,156,False,2026-09-10T03:22:39.258680+00:00
base_100,night_adverse,truck,mAP50,0.54201,566,156,False,2026-09-10T03:22:39.258680+00:00
base_100,night_adverse,truck,mAP75,0.4425,566,156,False,2026-09-10T03:22:39.258680+00:00
base_100,night_adverse,bus,mAP50-95,0.54185,566,41,False,2026-09-10T03:22:39.258680+00:00
base_100,night_adverse,bus,mAP50,0.68764,566,41,False,2026-09-10T03:22:39.258680+00:00
base_100,night_adverse,bus,mAP75,0.62603,566,41,False,2026-09-10T03:22:39.258680+00:00
base_100,night_adverse,motor,mAP50-95,0.25193,566,12,False,2026-09-10T03:22:39.258680+00:00
base_100,night_adverse,motor,mAP50,0.30206,566,12,False,2026-09-10T03:22:39.258680+00:00
base_100,night_adverse,motor,mAP75,0.30206,566,12,False,2026-09-10T03:22:39.258680+00:00
base_100,night_adverse,bike,mAP50-95,0.20621,566,34,False,2026-09-10T03:22:39.258680+00:00
base_100,night_adverse,bike,mAP50,0.41297,566,34,False,2026-09-10T03:22:39.258680+00:00
base_100,night_adverse,bike,mAP75,0.1831,566,34,False,2026-09-10T03:22:39.258680+00:00
base_100,night_clear,all,mAP50-95,0.34004,3274,31550,True,2026-09-10T03:22:39.258680+00:00
base_100,night_clear,all,mAP50,0.56546,3274,31550,True,2026-09-10T03:22:39.258680+00:00
base_100,night_clear,all,mAP75,0.33804,3274,31550,True,2026-09-10T03:22:39.258680+00:00
base_100,night_clear,car,mAP50-95,0.4304,3274,30489,True,2026-09-10T03:22:39.258680+00:00
base_100,night_clear,car,mAP50,0.76563,3274,30489,True,2026-09-10T03:22:39.258680+00:00
base_100,night_clear,car,mAP75,0.40626,3274,30489,True,2026-09-10T03:22:39.258680+00:00
base_100,night_clear,truck,mAP50-95,0.41161,3274,577,False,2026-09-10T03:22:39.258680+00:00
base_100,night_clear,truck,mAP50,0.55515,3274,577,False,2026-09-10T03:22:39.258680+00:00
base_100,night_clear,truck,mAP75,0.47067,3274,577,False,2026-09-10T03:22:39.258680+00:00
base_100,night_clear,bus,mAP50-95,0.39602,3274,251,False,2026-09-10T03:22:39.258680+00:00
base_100,night_clear,bus,mAP50,0.51548,3274,251,False,2026-09-10T03:22:39.258680+00:00
base_100,night_clear,bus,mAP75,0.45158,3274,251,False,2026-09-10T03:22:39.258680+00:00
base_100,night_clear,motor,mAP50-95,0.18557,3274,81,False,2026-09-10T03:22:39.258680+00:00
base_100,night_clear,motor,mAP50,0.43535,3274,81,False,2026-09-10T03:22:39.258680+00:00
base_100,night_clear,motor,mAP75,0.13263,3274,81,False,2026-09-10T03:22:39.258680+00:00
base_100,night_clear,bike,mAP50-95,0.27661,3274,152,False,2026-09-10T03:22:39.258680+00:00
base_100,night_clear,bike,mAP50,0.55568,3274,152,False,2026-09-10T03:22:39.258680+00:00
base_100,night_clear,bike,mAP75,0.22905,3274,152,False,2026-09-10T03:22:39.258680+00:00
base_100,night_rainy,all,mAP50-95,0.41754,286,2535,True,2026-09-10T03:22:39.258680+00:00
base_100,night_rainy,all,mAP50,0.59713,286,2535,True,2026-09-10T03:22:39.258680+00:00
base_100,night_rainy,all,mAP75,0.46287,286,2535,True,2026-09-10T03:22:39.258680+00:00
base_100,night_rainy,car,mAP50-95,0.43899,286,2416,True,2026-09-10T03:22:39.258680+00:00
base_100,night_rainy,car,mAP50,0.7506,286,2416,True,2026-09-10T03:22:39.258680+00:00
base_100,night_rainy,car,mAP75,0.43238,286,2416,True,2026-09-10T03:22:39.258680+00:00
base_100,night_rainy,truck,mAP50-95,0.48167,286,72,False,2026-09-10T03:22:39.258680+00:00
base_100,night_rainy,truck,mAP50,0.65818,286,72,False,2026-09-10T03:22:39.258680+00:00
base_100,night_rainy,truck,mAP75,0.56819,286,72,False,2026-09-10T03:22:39.258680+00:00
base_100,night_rainy,bus,mAP50-95,0.61257,286,22,False,2026-09-10T03:22:39.258680+00:00
base_100,night_rainy,bus,mAP50,0.78314,286,22,False,2026-09-10T03:22:39.258680+00:00
base_100,night_rainy,bus,mAP75,0.67681,286,22,False,2026-09-10T03:22:39.258680+00:00
base_100,night_rainy,motor,mAP50-95,0.23317,286,10,False,2026-09-10T03:22:39.258680+00:00
base_100,night_rainy,motor,mAP50,0.28713,286,10,False,2026-09-10T03:22:39.258680+00:00
base_100,night_rainy,motor,mAP75,0.28713,286,10,False,2026-09-10T03:22:39.258680+00:00
base_100,night_rainy,bike,mAP50-95,0.32127,286,15,False,2026-09-10T03:22:39.258680+00:00
base_100,night_rainy,bike,mAP50,0.5066,286,15,False,2026-09-10T03:22:39.258680+00:00
base_100,night_rainy,bike,mAP75,0.34983,286,15,False,2026-09-10T03:22:39.258680+00:00
base_100,night_snowy,all,mAP50-95,0.35919,273,2374,True,2026-09-10T03:22:39.258680+00:00
base_100,night_snowy,all,mAP50,0.53014,273,2374,True,2026-09-10T03:22:39.258680+00:00
base_100,night_snowy,all,mAP75,0.37832,273,2374,True,2026-09-10T03:22:39.258680+00:00
base_100,night_snowy,car,mAP50-95,0.45591,273,2251,True,2026-09-10T03:22:39.258680+00:00
base_100,night_snowy,car,mAP50,0.79001,273,2251,True,2026-09-10T03:22:39.258680+00:00
base_100,night_snowy,car,mAP75,0.44256,273,2251,True,2026-09-10T03:22:39.258680+00:00
base_100,night_snowy,truck,mAP50-95,0.31594,273,83,False,2026-09-10T03:22:39.258680+00:00
base_100,night_snowy,truck,mAP50,0.44409,273,83,False,2026-09-10T03:22:39.258680+00:00
base_100,night_snowy,truck,mAP75,0.33546,273,83,False,2026-09-10T03:22:39.258680+00:00
base_100,night_snowy,bus,mAP50-95,0.45072,273,19,False,2026-09-10T03:22:39.258680+00:00
base_100,night_snowy,bus,mAP50,0.55841,273,19,False,2026-09-10T03:22:39.258680+00:00
base_100,night_snowy,bus,mAP75,0.55841,273,19,False,2026-09-10T03:22:39.258680+00:00
base_100,night_snowy,motor,mAP50-95,0.45446,273,2,False,2026-09-10T03:22:39.258680+00:00
base_100,night_snowy,motor,mAP50,0.50495,273,2,False,2026-09-10T03:22:39.258680+00:00
base_100,night_snowy,motor,mAP75,0.50495,273,2,False,2026-09-10T03:22:39.258680+00:00
base_100,night_snowy,bike,mAP50-95,0.11891,273,19,False,2026-09-10T03:22:39.258680+00:00
base_100,night_snowy,bike,mAP50,0.35322,273,19,False,2026-09-10T03:22:39.258680+00:00
base_100,night_snowy,bike,mAP75,0.05025,273,19,False,2026-09-10T03:22:39.258680+00:00
base_100,overcast,all,mAP50-95,0.35073,1239,15505,True,2026-09-10T03:22:39.258680+00:00
base_100,overcast,all,mAP50,0.56194,1239,15505,True,2026-09-10T03:22:39.258680+00:00
base_100,overcast,all,mAP75,0.3463,1239,15505,True,2026-09-10T03:22:39.258680+00:00
base_100,overcast,car,mAP50-95,0.51197,1239,14370,True,2026-09-10T03:22:39.258680+00:00
base_100,overcast,car,mAP50,0.81383,1239,14370,True,2026-09-10T03:22:39.258680+00:00
base_100,overcast,car,mAP75,0.517,1239,14370,True,2026-09-10T03:22:39.258680+00:00
base_100,overcast,truck,mAP50-95,0.43845,1239,660,False,2026-09-10T03:22:39.258680+00:00
base_100,overcast,truck,mAP50,0.613,1239,660,False,2026-09-10T03:22:39.258680+00:00
base_100,overcast,truck,mAP75,0.48259,1239,660,False,2026-09-10T03:22:39.258680+00:00
base_100,overcast,bus,mAP50-95,0.41185,1239,262,False,2026-09-10T03:22:39.258680+00:00
base_100,overcast,bus,mAP50,0.54155,1239,262,False,2026-09-10T03:22:39.258680+00:00
base_100,overcast,bus,mAP75,0.44194,1239,262,False,2026-09-10T03:22:39.258680+00:00
base_100,overcast,motor,mAP50-95,0.14407,1239,72,False,2026-09-10T03:22:39.258680+00:00
base_100,overcast,motor,mAP50,0.31447,1239,72,False,2026-09-10T03:22:39.258680+00:00
base_100,overcast,motor,mAP75,0.11095,1239,72,False,2026-09-10T03:22:39.258680+00:00
base_100,overcast,bike,mAP50-95,0.2473,1239,141,False,2026-09-10T03:22:39.258680+00:00
base_100,overcast,bike,mAP50,0.52685,1239,141,False,2026-09-10T03:22:39.258680+00:00
base_100,overcast,bike,mAP75,0.17903,1239,141,False,2026-09-10T03:22:39.258680+00:00
base_100,partlycloudy,all,mAP50-95,0.3597,738,9256,True,2026-09-10T03:22:39.258680+00:00
base_100,partlycloudy,all,mAP50,0.54793,738,9256,True,2026-09-10T03:22:39.258680+00:00
base_100,partlycloudy,all,mAP75,0.3678,738,9256,True,2026-09-10T03:22:39.258680+00:00
base_100,partlycloudy,car,mAP50-95,0.49404,738,8526,True,2026-09-10T03:22:39.258680+00:00
base_100,partlycloudy,car,mAP50,0.79174,738,8526,True,2026-09-10T03:22:39.258680+00:00
base_100,partlycloudy,car,mAP75,0.49791,738,8526,True,2026-09-10T03:22:39.258680+00:00
base_100,partlycloudy,truck,mAP50-95,0.44385,738,454,False,2026-09-10T03:22:39.258680+00:00
base_100,partlycloudy,truck,mAP50,0.60369,738,454,False,2026-09-10T03:22:39.258680+00:00
base_100,partlycloudy,truck,mAP75,0.47192,738,454,False,2026-09-10T03:22:39.258680+00:00
base_100,partlycloudy,bus,mAP50-95,0.45287,738,142,False,2026-09-10T03:22:39.258680+00:00
base_100,partlycloudy,bus,mAP50,0.59398,738,142,False,2026-09-10T03:22:39.258680+00:00
base_100,partlycloudy,bus,mAP75,0.47968,738,142,False,2026-09-10T03:22:39.258680+00:00
base_100,partlycloudy,motor,mAP50-95,0.22009,738,65,False,2026-09-10T03:22:39.258680+00:00
base_100,partlycloudy,motor,mAP50,0.37757,738,65,False,2026-09-10T03:22:39.258680+00:00
base_100,partlycloudy,motor,mAP75,0.22396,738,65,False,2026-09-10T03:22:39.258680+00:00
base_100,partlycloudy,bike,mAP50-95,0.18765,738,69,False,2026-09-10T03:22:39.258680+00:00
base_100,partlycloudy,bike,mAP50,0.37268,738,69,False,2026-09-10T03:22:39.258680+00:00
base_100,partlycloudy,bike,mAP75,0.16555,738,69,False,2026-09-10T03:22:39.258680+00:00
base_100,rainy,all,mAP50-95,0.36336,737,7541,True,2026-09-10T03:22:39.258680+00:00
base_100,rainy,all,mAP50,0.55034,737,7541,True,2026-09-10T03:22:39.258680+00:00
base_100,rainy,all,mAP75,0.38705,737,7541,True,2026-09-10T03:22:39.258680+00:00
base_100,rainy,car,mAP50-95,0.48721,737,6944,True,2026-09-10T03:22:39.258680+00:00
base_100,rainy,car,mAP50,0.79385,737,6944,True,2026-09-10T03:22:39.258680+00:00
base_100,rainy,car,mAP75,0.48948,737,6944,True,2026-09-10T03:22:39.258680+00:00
base_100,rainy,truck,mAP50-95,0.44611,737,378,False,2026-09-10T03:22:39.258680+00:00
base_100,rainy,truck,mAP50,0.6224,737,378,False,2026-09-10T03:22:39.258680+00:00
base_100,rainy,truck,mAP75,0.50053,737,378,False,2026-09-10T03:22:39.258680+00:00
base_100,rainy,bus,mAP50-95,0.41188,737,132,False,2026-09-10T03:22:39.258680+00:00
base_100,rainy,bus,mAP50,0.52862,737,132,False,2026-09-10T03:22:39.258680+00:00
base_100,rainy,bus,mAP75,0.44665,737,132,False,2026-09-10T03:22:39.258680+00:00
base_100,rainy,motor,mAP50-95,0.21968,737,30,False,2026-09-10T03:22:39.258680+00:00
base_100,rainy,motor,mAP50,0.31781,737,30,False,2026-09-10T03:22:39.258680+00:00
base_100,rainy,motor,mAP75,0.25472,737,30,False,2026-09-10T03:22:39.258680+00:00
base_100,rainy,bike,mAP50-95,0.25193,737,57,False,2026-09-10T03:22:39.258680+00:00
base_100,rainy,bike,mAP50,0.48904,737,57,False,2026-09-10T03:22:39.258680+00:00
base_100,rainy,bike,mAP75,0.24386,737,57,False,2026-09-10T03:22:39.258680+00:00
base_100,snowy,all,mAP50-95,0.31344,769,8080,True,2026-09-10T03:22:39.258680+00:00
base_100,snowy,all,mAP50,0.48125,769,8080,True,2026-09-10T03:22:39.258680+00:00
base_100,snowy,all,mAP75,0.32193,769,8080,True,2026-09-10T03:22:39.258680+00:00
base_100,snowy,car,mAP50-95,0.48912,769,7486,True,2026-09-10T03:22:39.258680+00:00
base_100,snowy,car,mAP50,0.79754,769,7486,True,2026-09-10T03:22:39.258680+00:00
base_100,snowy,car,mAP75,0.49212,769,7486,True,2026-09-10T03:22:39.258680+00:00
base_100,snowy,truck,mAP50-95,0.4209,769,371,False,2026-09-10T03:22:39.258680+00:00
base_100,snowy,truck,mAP50,0.58118,769,371,False,2026-09-10T03:22:39.258680+00:00
base_100,snowy,truck,mAP75,0.47214,769,371,False,2026-09-10T03:22:39.258680+00:00
base_100,snowy,bus,mAP50-95,0.36745,769,133,False,2026-09-10T03:22:39.258680+00:00
base_100,snowy,bus,mAP50,0.46862,769,133,False,2026-09-10T03:22:39.258680+00:00
base_100,snowy,bus,mAP75,0.41317,769,133,False,2026-09-10T03:22:39.258680+00:00
base_100,snowy,motor,mAP50-95,0.1505,769,9,False,2026-09-10T03:22:39.258680+00:00
base_100,snowy,motor,mAP50,0.22772,769,9,False,2026-09-10T03:22:39.258680+00:00
base_100,snowy,motor,mAP75,0.11881,769,9,False,2026-09-10T03:22:39.258680+00:00
base_100,snowy,bike,mAP50-95,0.13923,769,81,False,2026-09-10T03:22:39.258680+00:00
base_100,snowy,bike,mAP50,0.33119,769,81,False,2026-09-10T03:22:39.258680+00:00
base_100,snowy,bike,mAP75,0.11343,769,81,False,2026-09-10T03:22:39.258680+00:00
t1_jepa_100,overall,all,mAP50-95,0.33653,8841,97193,True,2026-09-10T03:22:39.258680+00:00
t1_jepa_100,overall,all,mAP50,0.54116,8841,97193,True,2026-09-10T03:22:39.258680+00:00
t1_jepa_100,overall,all,mAP75,0.33643,8841,97193,True,2026-09-10T03:22:39.258680+00:00
t1_jepa_100,overall,car,mAP50-95,0.47442,8841,91118,True,2026-09-10T03:22:39.258680+00:00
t1_jepa_100,overall,car,mAP50,0.78738,8841,91118,True,2026-09-10T03:22:39.258680+00:00
t1_jepa_100,overall,car,mAP75,0.46861,8841,91118,True,2026-09-10T03:22:39.258680+00:00
t1_jepa_100,overall,truck,mAP50-95,0.41748,8841,3608,True,2026-09-10T03:22:39.258680+00:00
t1_jepa_100,overall,truck,mAP50,0.57491,8841,3608,True,2026-09-10T03:22:39.258680+00:00
t1_jepa_100,overall,truck,mAP75,0.45697,8841,3608,True,2026-09-10T03:22:39.258680+00:00
t1_jepa_100,overall,bus,mAP50-95,0.40247,8841,1351,True,2026-09-10T03:22:39.258680+00:00
t1_jepa_100,overall,bus,mAP50,0.52604,8841,1351,True,2026-09-10T03:22:39.258680+00:00
t1_jepa_100,overall,bus,mAP75,0.44726,8841,1351,True,2026-09-10T03:22:39.258680+00:00
t1_jepa_100,overall,motor,mAP50-95,0.18272,8841,377,False,2026-09-10T03:22:39.258680+00:00
t1_jepa_100,overall,motor,mAP50,0.38693,8841,377,False,2026-09-10T03:22:39.258680+00:00
t1_jepa_100,overall,motor,mAP75,0.13997,8841,377,False,2026-09-10T03:22:39.258680+00:00
t1_jepa_100,overall,bike,mAP50-95,0.20557,8841,739,False,2026-09-10T03:22:39.258680+00:00
t1_jepa_100,overall,bike,mAP50,0.43053,8841,739,False,2026-09-10T03:22:39.258680+00:00
t1_jepa_100,overall,bike,mAP75,0.16932,8841,739,False,2026-09-10T03:22:39.258680+00:00
t1_jepa_100,adverse,all,mAP50-95,0.32522,1519,15765,True,2026-09-10T03:22:39.258680+00:00
t1_jepa_100,adverse,all,mAP50,0.50909,1519,15765,True,2026-09-10T03:22:39.258680+00:00
t1_jepa_100,adverse,all,mAP75,0.34182,1519,15765,True,2026-09-10T03:22:39.258680+00:00
t1_jepa_100,adverse,car,mAP50-95,0.48691,1519,14568,True,2026-09-10T03:22:39.258680+00:00
t1_jepa_100,adverse,car,mAP50,0.79382,1519,14568,True,2026-09-10T03:22:39.258680+00:00
t1_jepa_100,adverse,car,mAP75,0.48753,1519,14568,True,2026-09-10T03:22:39.258680+00:00
t1_jepa_100,adverse,truck,mAP50-95,0.42273,1519,754,False,2026-09-10T03:22:39.258680+00:00
t1_jepa_100,adverse,truck,mAP50,0.5927,1519,754,False,2026-09-10T03:22:39.258680+00:00
t1_jepa_100,adverse,truck,mAP75,0.47771,1519,754,False,2026-09-10T03:22:39.258680+00:00
t1_jepa_100,adverse,bus,mAP50-95,0.37856,1519,265,False,2026-09-10T03:22:39.258680+00:00
t1_jepa_100,adverse,bus,mAP50,0.48968,1519,265,False,2026-09-10T03:22:39.258680+00:00
t1_jepa_100,adverse,bus,mAP75,0.42151,1519,265,False,2026-09-10T03:22:39.258680+00:00
t1_jepa_100,adverse,motor,mAP50-95,0.15408,1519,40,False,2026-09-10T03:22:39.258680+00:00
t1_jepa_100,adverse,motor,mAP50,0.2906,1519,40,False,2026-09-10T03:22:39.258680+00:00
t1_jepa_100,adverse,motor,mAP75,0.16276,1519,40,False,2026-09-10T03:22:39.258680+00:00
t1_jepa_100,adverse,bike,mAP50-95,0.18379,1519,138,False,2026-09-10T03:22:39.258680+00:00
t1_jepa_100,adverse,bike,mAP50,0.37864,1519,138,False,2026-09-10T03:22:39.258680+00:00
t1_jepa_100,adverse,bike,mAP75,0.15959,1519,138,False,2026-09-10T03:22:39.258680+00:00
t1_jepa_100,benign,all,mAP50-95,0.33893,7322,81428,True,2026-09-10T03:22:39.258680+00:00
t1_jepa_100,benign,all,mAP50,0.54617,7322,81428,True,2026-09-10T03:22:39.258680+00:00
t1_jepa_100,benign,all,mAP75,0.33664,7322,81428,True,2026-09-10T03:22:39.258680+00:00
t1_jepa_100,benign,car,mAP50-95,0.47209,7322,76550,True,2026-09-10T03:22:39.258680+00:00
t1_jepa_100,benign,car,mAP50,0.78651,7322,76550,True,2026-09-10T03:22:39.258680+00:00
t1_jepa_100,benign,car,mAP75,0.46557,7322,76550,True,2026-09-10T03:22:39.258680+00:00
t1_jepa_100,benign,truck,mAP50-95,0.41636,7322,2854,True,2026-09-10T03:22:39.258680+00:00
t1_jepa_100,benign,truck,mAP50,0.57111,7322,2854,True,2026-09-10T03:22:39.258680+00:00
t1_jepa_100,benign,truck,mAP75,0.45202,7322,2854,True,2026-09-10T03:22:39.258680+00:00
t1_jepa_100,benign,bus,mAP50-95,0.40888,7322,1086,True,2026-09-10T03:22:39.258680+00:00
t1_jepa_100,benign,bus,mAP50,0.53328,7322,1086,True,2026-09-10T03:22:39.258680+00:00
t1_jepa_100,benign,bus,mAP75,0.45413,7322,1086,True,2026-09-10T03:22:39.258680+00:00
t1_jepa_100,benign,motor,mAP50-95,0.18677,7322,337,False,2026-09-10T03:22:39.258680+00:00
t1_jepa_100,benign,motor,mAP50,0.39783,7322,337,False,2026-09-10T03:22:39.258680+00:00
t1_jepa_100,benign,motor,mAP75,0.13965,7322,337,False,2026-09-10T03:22:39.258680+00:00
t1_jepa_100,benign,bike,mAP50-95,0.21058,7322,601,False,2026-09-10T03:22:39.258680+00:00
t1_jepa_100,benign,bike,mAP50,0.44211,7322,601,False,2026-09-10T03:22:39.258680+00:00
t1_jepa_100,benign,bike,mAP75,0.17183,7322,601,False,2026-09-10T03:22:39.258680+00:00
t1_jepa_100,clear,all,mAP50-95,0.33539,5345,56667,True,2026-09-10T03:22:39.258680+00:00
t1_jepa_100,clear,all,mAP50,0.5444,5345,56667,True,2026-09-10T03:22:39.258680+00:00
t1_jepa_100,clear,all,mAP75,0.33109,5345,56667,True,2026-09-10T03:22:39.258680+00:00
t1_jepa_100,clear,car,mAP50-95,0.45874,5345,53654,True,2026-09-10T03:22:39.258680+00:00
t1_jepa_100,clear,car,mAP50,0.77989,5345,53654,True,2026-09-10T03:22:39.258680+00:00
t1_jepa_100,clear,car,mAP75,0.44678,5345,53654,True,2026-09-10T03:22:39.258680+00:00
t1_jepa_100,clear,truck,mAP50-95,0.40392,5345,1740,True,2026-09-10T03:22:39.258680+00:00
t1_jepa_100,clear,truck,mAP50,0.55222,5345,1740,True,2026-09-10T03:22:39.258680+00:00
t1_jepa_100,clear,truck,mAP75,0.44475,5345,1740,True,2026-09-10T03:22:39.258680+00:00
t1_jepa_100,clear,bus,mAP50-95,0.40683,5345,682,False,2026-09-10T03:22:39.258680+00:00
t1_jepa_100,clear,bus,mAP50,0.5295,5345,682,False,2026-09-10T03:22:39.258680+00:00
t1_jepa_100,clear,bus,mAP75,0.45645,5345,682,False,2026-09-10T03:22:39.258680+00:00
t1_jepa_100,clear,motor,mAP50-95,0.19243,5345,200,False,2026-09-10T03:22:39.258680+00:00
t1_jepa_100,clear,motor,mAP50,0.42451,5345,200,False,2026-09-10T03:22:39.258680+00:00
t1_jepa_100,clear,motor,mAP75,0.12563,5345,200,False,2026-09-10T03:22:39.258680+00:00
t1_jepa_100,clear,bike,mAP50-95,0.21506,5345,391,False,2026-09-10T03:22:39.258680+00:00
t1_jepa_100,clear,bike,mAP50,0.43588,5345,391,False,2026-09-10T03:22:39.258680+00:00
t1_jepa_100,clear,bike,mAP75,0.18186,5345,391,False,2026-09-10T03:22:39.258680+00:00
t1_jepa_100,dawndusk,all,mAP50-95,0.36088,714,8512,True,2026-09-10T03:22:39.258680+00:00
t1_jepa_100,dawndusk,all,mAP50,0.57445,714,8512,True,2026-09-10T03:22:39.258680+00:00
t1_jepa_100,dawndusk,all,mAP75,0.36061,714,8512,True,2026-09-10T03:22:39.258680+00:00
t1_jepa_100,dawndusk,car,mAP50-95,0.49238,714,7964,True,2026-09-10T03:22:39.258680+00:00
t1_jepa_100,dawndusk,car,mAP50,0.78972,714,7964,True,2026-09-10T03:22:39.258680+00:00
t1_jepa_100,dawndusk,car,mAP75,0.50015,714,7964,True,2026-09-10T03:22:39.258680+00:00
t1_jepa_100,dawndusk,truck,mAP50-95,0.44346,714,340,False,2026-09-10T03:22:39.258680+00:00
t1_jepa_100,dawndusk,truck,mAP50,0.59963,714,340,False,2026-09-10T03:22:39.258680+00:00
t1_jepa_100,dawndusk,truck,mAP75,0.49457,714,340,False,2026-09-10T03:22:39.258680+00:00
t1_jepa_100,dawndusk,bus,mAP50-95,0.49269,714,127,False,2026-09-10T03:22:39.258680+00:00
t1_jepa_100,dawndusk,bus,mAP50,0.64464,714,127,False,2026-09-10T03:22:39.258680+00:00
t1_jepa_100,dawndusk,bus,mAP75,0.5628,714,127,False,2026-09-10T03:22:39.258680+00:00
t1_jepa_100,dawndusk,motor,mAP50-95,0.11773,714,22,False,2026-09-10T03:22:39.258680+00:00
t1_jepa_100,dawndusk,motor,mAP50,0.28206,714,22,False,2026-09-10T03:22:39.258680+00:00
t1_jepa_100,dawndusk,motor,mAP75,0.07426,714,22,False,2026-09-10T03:22:39.258680+00:00
t1_jepa_100,dawndusk,bike,mAP50-95,0.25817,714,59,False,2026-09-10T03:22:39.258680+00:00
t1_jepa_100,dawndusk,bike,mAP50,0.55619,714,59,False,2026-09-10T03:22:39.258680+00:00
t1_jepa_100,dawndusk,bike,mAP75,0.17127,714,59,False,2026-09-10T03:22:39.258680+00:00
t1_jepa_100,day,all,mAP50-95,0.34117,4264,51930,True,2026-09-10T03:22:39.258680+00:00
t1_jepa_100,day,all,mAP50,0.53878,4264,51930,True,2026-09-10T03:22:39.258680+00:00
t1_jepa_100,day,all,mAP75,0.34701,4264,51930,True,2026-09-10T03:22:39.258680+00:00
t1_jepa_100,day,car,mAP50-95,0.50117,4264,47715,True,2026-09-10T03:22:39.258680+00:00
t1_jepa_100,day,car,mAP50,0.80079,4264,47715,True,2026-09-10T03:22:39.258680+00:00
t1_jepa_100,day,car,mAP75,0.50612,4264,47715,True,2026-09-10T03:22:39.258680+00:00
t1_jepa_100,day,truck,mAP50-95,0.42147,4264,2532,True,2026-09-10T03:22:39.258680+00:00
t1_jepa_100,day,truck,mAP50,0.58082,4264,2532,True,2026-09-10T03:22:39.258680+00:00
t1_jepa_100,day,truck,mAP75,0.45879,4264,2532,True,2026-09-10T03:22:39.258680+00:00
t1_jepa_100,day,bus,mAP50-95,0.39387,4264,927,True,2026-09-10T03:22:39.258680+00:00
t1_jepa_100,day,bus,mAP50,0.51823,4264,927,True,2026-09-10T03:22:39.258680+00:00
t1_jepa_100,day,bus,mAP75,0.43394,4264,927,True,2026-09-10T03:22:39.258680+00:00
t1_jepa_100,day,motor,mAP50-95,0.19616,4264,262,False,2026-09-10T03:22:39.258680+00:00
t1_jepa_100,day,motor,mAP50,0.39183,4264,262,False,2026-09-10T03:22:39.258680+00:00
t1_jepa_100,day,motor,mAP75,0.17097,4264,262,False,2026-09-10T03:22:39.258680+00:00
t1_jepa_100,day,bike,mAP50-95,0.19316,4264,494,False,2026-09-10T03:22:39.258680+00:00
t1_jepa_100,day,bike,mAP50,0.40221,4264,494,False,2026-09-10T03:22:39.258680+00:00
t1_jepa_100,day,bike,mAP75,0.16521,4264,494,False,2026-09-10T03:22:39.258680+00:00
t1_jepa_100,day_adverse,all,mAP50-95,0.33539,823,9252,True,2026-09-10T03:22:39.258680+00:00
t1_jepa_100,day_adverse,all,mAP50,0.52132,823,9252,True,2026-09-10T03:22:39.258680+00:00
t1_jepa_100,day_adverse,all,mAP75,0.3506,823,9252,True,2026-09-10T03:22:39.258680+00:00
t1_jepa_100,day_adverse,car,mAP50-95,0.50785,823,8401,True,2026-09-10T03:22:39.258680+00:00
t1_jepa_100,day_adverse,car,mAP50,0.80911,823,8401,True,2026-09-10T03:22:39.258680+00:00
t1_jepa_100,day_adverse,car,mAP75,0.51292,823,8401,True,2026-09-10T03:22:39.258680+00:00
t1_jepa_100,day_adverse,truck,mAP50-95,0.4309,823,540,False,2026-09-10T03:22:39.258680+00:00
t1_jepa_100,day_adverse,truck,mAP50,0.60551,823,540,False,2026-09-10T03:22:39.258680+00:00
t1_jepa_100,day_adverse,truck,mAP75,0.49146,823,540,False,2026-09-10T03:22:39.258680+00:00
t1_jepa_100,day_adverse,bus,mAP50-95,0.34737,823,194,False,2026-09-10T03:22:39.258680+00:00
t1_jepa_100,day_adverse,bus,mAP50,0.45232,823,194,False,2026-09-10T03:22:39.258680+00:00
t1_jepa_100,day_adverse,bus,mAP75,0.38213,823,194,False,2026-09-10T03:22:39.258680+00:00
t1_jepa_100,day_adverse,motor,mAP50-95,0.20861,823,23,False,2026-09-10T03:22:39.258680+00:00
t1_jepa_100,day_adverse,motor,mAP50,0.36421,823,23,False,2026-09-10T03:22:39.258680+00:00
t1_jepa_100,day_adverse,motor,mAP75,0.20586,823,23,False,2026-09-10T03:22:39.258680+00:00
t1_jepa_100,day_adverse,bike,mAP50-95,0.18223,823,94,False,2026-09-10T03:22:39.258680+00:00
t1_jepa_100,day_adverse,bike,mAP50,0.37543,823,94,False,2026-09-10T03:22:39.258680+00:00
t1_jepa_100,day_adverse,bike,mAP75,0.16061,823,94,False,2026-09-10T03:22:39.258680+00:00
t1_jepa_100,day_clear,all,mAP50-95,0.34491,1764,21352,True,2026-09-10T03:22:39.258680+00:00
t1_jepa_100,day_clear,all,mAP50,0.53962,1764,21352,True,2026-09-10T03:22:39.258680+00:00
t1_jepa_100,day_clear,all,mAP75,0.35109,1764,21352,True,2026-09-10T03:22:39.258680+00:00
t1_jepa_100,day_clear,car,mAP50-95,0.49595,1764,19633,True,2026-09-10T03:22:39.258680+00:00
t1_jepa_100,day_clear,car,mAP50,0.7942,1764,19633,True,2026-09-10T03:22:39.258680+00:00
t1_jepa_100,day_clear,car,mAP75,0.4997,1764,19633,True,2026-09-10T03:22:39.258680+00:00
t1_jepa_100,day_clear,truck,mAP50-95,0.41077,1764,1021,True,2026-09-10T03:22:39.258680+00:00
t1_jepa_100,day_clear,truck,mAP50,0.55755,1764,1021,True,2026-09-10T03:22:39.258680+00:00
t1_jepa_100,day_clear,truck,mAP75,0.44635,1764,1021,True,2026-09-10T03:22:39.258680+00:00
t1_jepa_100,day_clear,bus,mAP50-95,0.41479,1764,380,False,2026-09-10T03:22:39.258680+00:00
t1_jepa_100,day_clear,bus,mAP50,0.54123,1764,380,False,2026-09-10T03:22:39.258680+00:00
t1_jepa_100,day_clear,bus,mAP75,0.46546,1764,380,False,2026-09-10T03:22:39.258680+00:00
t1_jepa_100,day_clear,motor,mAP50-95,0.21729,1764,111,False,2026-09-10T03:22:39.258680+00:00
t1_jepa_100,day_clear,motor,mAP50,0.43981,1764,111,False,2026-09-10T03:22:39.258680+00:00
t1_jepa_100,day_clear,motor,mAP75,0.17437,1764,111,False,2026-09-10T03:22:39.258680+00:00
t1_jepa_100,day_clear,bike,mAP50-95,0.18576,1764,207,False,2026-09-10T03:22:39.258680+00:00
t1_jepa_100,day_clear,bike,mAP50,0.36529,1764,207,False,2026-09-10T03:22:39.258680+00:00
t1_jepa_100,day_clear,bike,mAP75,0.16959,1764,207,False,2026-09-10T03:22:39.258680+00:00
t1_jepa_100,day_rainy,all,mAP50-95,0.36829,396,4356,True,2026-09-10T03:22:39.258680+00:00
t1_jepa_100,day_rainy,all,mAP50,0.58119,396,4356,True,2026-09-10T03:22:39.258680+00:00
t1_jepa_100,day_rainy,all,mAP75,0.38162,396,4356,True,2026-09-10T03:22:39.258680+00:00
t1_jepa_100,day_rainy,car,mAP50-95,0.51298,396,3930,True,2026-09-10T03:22:39.258680+00:00
t1_jepa_100,day_rainy,car,mAP50,0.81616,396,3930,True,2026-09-10T03:22:39.258680+00:00
t1_jepa_100,day_rainy,car,mAP75,0.52076,396,3930,True,2026-09-10T03:22:39.258680+00:00
t1_jepa_100,day_rainy,truck,mAP50-95,0.42277,396,272,False,2026-09-10T03:22:39.258680+00:00
t1_jepa_100,day_rainy,truck,mAP50,0.61039,396,272,False,2026-09-10T03:22:39.258680+00:00
t1_jepa_100,day_rainy,truck,mAP75,0.47991,396,272,False,2026-09-10T03:22:39.258680+00:00
t1_jepa_100,day_rainy,bus,mAP50-95,0.37192,396,97,False,2026-09-10T03:22:39.258680+00:00
t1_jepa_100,day_rainy,bus,mAP50,0.498,396,97,False,2026-09-10T03:22:39.258680+00:00
t1_jepa_100,day_rainy,bus,mAP75,0.40592,396,97,False,2026-09-10T03:22:39.258680+00:00
t1_jepa_100,day_rainy,motor,mAP50-95,0.28754,396,16,False,2026-09-10T03:22:39.258680+00:00
t1_jepa_100,day_rainy,motor,mAP50,0.46205,396,16,False,2026-09-10T03:22:39.258680+00:00
t1_jepa_100,day_rainy,motor,mAP75,0.30198,396,16,False,2026-09-10T03:22:39.258680+00:00
t1_jepa_100,day_rainy,bike,mAP50-95,0.24625,396,41,False,2026-09-10T03:22:39.258680+00:00
t1_jepa_100,day_rainy,bike,mAP50,0.51936,396,41,False,2026-09-10T03:22:39.258680+00:00
t1_jepa_100,day_rainy,bike,mAP75,0.19951,396,41,False,2026-09-10T03:22:39.258680+00:00
t1_jepa_100,day_snowy,all,mAP50-95,0.29203,422,4842,True,2026-09-10T03:22:39.258680+00:00
t1_jepa_100,day_snowy,all,mAP50,0.45022,422,4842,True,2026-09-10T03:22:39.258680+00:00
t1_jepa_100,day_snowy,all,mAP75,0.30407,422,4842,True,2026-09-10T03:22:39.258680+00:00
t1_jepa_100,day_snowy,car,mAP50-95,0.50351,422,4421,True,2026-09-10T03:22:39.258680+00:00
t1_jepa_100,day_snowy,car,mAP50,0.80409,422,4421,True,2026-09-10T03:22:39.258680+00:00
t1_jepa_100,day_snowy,car,mAP75,0.50622,422,4421,True,2026-09-10T03:22:39.258680+00:00
t1_jepa_100,day_snowy,truck,mAP50-95,0.44551,422,264,False,2026-09-10T03:22:39.258680+00:00
t1_jepa_100,day_snowy,truck,mAP50,0.60931,422,264,False,2026-09-10T03:22:39.258680+00:00
t1_jepa_100,day_snowy,truck,mAP75,0.50947,422,264,False,2026-09-10T03:22:39.258680+00:00
t1_jepa_100,day_snowy,bus,mAP50-95,0.32484,422,97,False,2026-09-10T03:22:39.258680+00:00
t1_jepa_100,day_snowy,bus,mAP50,0.40715,422,97,False,2026-09-10T03:22:39.258680+00:00
t1_jepa_100,day_snowy,bus,mAP75,0.36041,422,97,False,2026-09-10T03:22:39.258680+00:00
t1_jepa_100,day_snowy,motor,mAP50-95,0.04455,422,7,False,2026-09-10T03:22:39.258680+00:00
t1_jepa_100,day_snowy,motor,mAP50,0.14851,422,7,False,2026-09-10T03:22:39.258680+00:00
t1_jepa_100,day_snowy,motor,mAP75,0.0,422,7,False,2026-09-10T03:22:39.258680+00:00
t1_jepa_100,day_snowy,bike,mAP50-95,0.14174,422,53,False,2026-09-10T03:22:39.258680+00:00
t1_jepa_100,day_snowy,bike,mAP50,0.28203,422,53,False,2026-09-10T03:22:39.258680+00:00
t1_jepa_100,day_snowy,bike,mAP75,0.14426,422,53,False,2026-09-10T03:22:39.258680+00:00
t1_jepa_100,foggy,all,mAP50-95,0.23703,13,144,False,2026-09-10T03:22:39.258680+00:00
t1_jepa_100,foggy,all,mAP50,0.6463,13,144,False,2026-09-10T03:22:39.258680+00:00
t1_jepa_100,foggy,all,mAP75,0.21821,13,144,False,2026-09-10T03:22:39.258680+00:00
t1_jepa_100,foggy,car,mAP50-95,0.44477,13,138,False,2026-09-10T03:22:39.258680+00:00
t1_jepa_100,foggy,car,mAP50,0.73097,13,138,False,2026-09-10T03:22:39.258680+00:00
t1_jepa_100,foggy,car,mAP75,0.44671,13,138,False,2026-09-10T03:22:39.258680+00:00
t1_jepa_100,foggy,truck,mAP50-95,0.16634,13,5,False,2026-09-10T03:22:39.258680+00:00
t1_jepa_100,foggy,truck,mAP50,0.20792,13,5,False,2026-09-10T03:22:39.258680+00:00
t1_jepa_100,foggy,truck,mAP75,0.20792,13,5,False,2026-09-10T03:22:39.258680+00:00
t1_jepa_100,foggy,bus,mAP50-95,,13,0,False,2026-09-10T03:22:39.258680+00:00
t1_jepa_100,foggy,bus,mAP50,,13,0,False,2026-09-10T03:22:39.258680+00:00
t1_jepa_100,foggy,bus,mAP75,,13,0,False,2026-09-10T03:22:39.258680+00:00
t1_jepa_100,foggy,motor,mAP50-95,0.1,13,1,False,2026-09-10T03:22:39.258680+00:00
t1_jepa_100,foggy,motor,mAP50,1.0,13,1,False,2026-09-10T03:22:39.258680+00:00
t1_jepa_100,foggy,motor,mAP75,0.0,13,1,False,2026-09-10T03:22:39.258680+00:00
t1_jepa_100,foggy,bike,mAP50-95,,13,0,False,2026-09-10T03:22:39.258680+00:00
t1_jepa_100,foggy,bike,mAP50,,13,0,False,2026-09-10T03:22:39.258680+00:00
t1_jepa_100,foggy,bike,mAP75,,13,0,False,2026-09-10T03:22:39.258680+00:00
t1_jepa_100,night,all,mAP50-95,0.32451,3863,36751,True,2026-09-10T03:22:39.258680+00:00
t1_jepa_100,night,all,mAP50,0.53988,3863,36751,True,2026-09-10T03:22:39.258680+00:00
t1_jepa_100,night,all,mAP75,0.31277,3863,36751,True,2026-09-10T03:22:39.258680+00:00
t1_jepa_100,night,car,mAP50-95,0.43297,3863,35439,True,2026-09-10T03:22:39.258680+00:00
t1_jepa_100,night,car,mAP50,0.76817,3863,35439,True,2026-09-10T03:22:39.258680+00:00
t1_jepa_100,night,car,mAP75,0.41015,3863,35439,True,2026-09-10T03:22:39.258680+00:00
t1_jepa_100,night,truck,mAP50-95,0.39379,3863,736,False,2026-09-10T03:22:39.258680+00:00
t1_jepa_100,night,truck,mAP50,0.54568,3863,736,False,2026-09-10T03:22:39.258680+00:00
t1_jepa_100,night,truck,mAP75,0.43488,3863,736,False,2026-09-10T03:22:39.258680+00:00
t1_jepa_100,night,bus,mAP50-95,0.39501,3863,297,False,2026-09-10T03:22:39.258680+00:00
t1_jepa_100,night,bus,mAP50,0.50416,3863,297,False,2026-09-10T03:22:39.258680+00:00
t1_jepa_100,night,bus,mAP75,0.44214,3863,297,False,2026-09-10T03:22:39.258680+00:00
t1_jepa_100,night,motor,mAP50-95,0.17114,3863,93,False,2026-09-10T03:22:39.258680+00:00
t1_jepa_100,night,motor,mAP50,0.4134,3863,93,False,2026-09-10T03:22:39.258680+00:00
t1_jepa_100,night,motor,mAP75,0.09331,3863,93,False,2026-09-10T03:22:39.258680+00:00
t1_jepa_100,night,bike,mAP50-95,0.22962,3863,186,False,2026-09-10T03:22:39.258680+00:00
t1_jepa_100,night,bike,mAP50,0.468,3863,186,False,2026-09-10T03:22:39.258680+00:00
t1_jepa_100,night,bike,mAP75,0.18335,3863,186,False,2026-09-10T03:22:39.258680+00:00
t1_jepa_100,night_adverse,all,mAP50-95,0.32841,566,4986,True,2026-09-10T03:22:39.258680+00:00
t1_jepa_100,night_adverse,all,mAP50,0.50659,566,4986,True,2026-09-10T03:22:39.258680+00:00
t1_jepa_100,night_adverse,all,mAP75,0.34244,566,4986,True,2026-09-10T03:22:39.258680+00:00
t1_jepa_100,night_adverse,car,mAP50-95,0.44706,566,4743,True,2026-09-10T03:22:39.258680+00:00
t1_jepa_100,night_adverse,car,mAP50,0.76749,566,4743,True,2026-09-10T03:22:39.258680+00:00
t1_jepa_100,night_adverse,car,mAP75,0.43841,566,4743,True,2026-09-10T03:22:39.258680+00:00
t1_jepa_100,night_adverse,truck,mAP50-95,0.3692,566,156,False,2026-09-10T03:22:39.258680+00:00
t1_jepa_100,night_adverse,truck,mAP50,0.52714,566,156,False,2026-09-10T03:22:39.258680+00:00
t1_jepa_100,night_adverse,truck,mAP75,0.38996,566,156,False,2026-09-10T03:22:39.258680+00:00
t1_jepa_100,night_adverse,bus,mAP50-95,0.50633,566,41,False,2026-09-10T03:22:39.258680+00:00
t1_jepa_100,night_adverse,bus,mAP50,0.63746,566,41,False,2026-09-10T03:22:39.258680+00:00
t1_jepa_100,night_adverse,bus,mAP75,0.57955,566,41,False,2026-09-10T03:22:39.258680+00:00
t1_jepa_100,night_adverse,motor,mAP50-95,0.13877,566,12,False,2026-09-10T03:22:39.258680+00:00
t1_jepa_100,night_adverse,motor,mAP50,0.22387,566,12,False,2026-09-10T03:22:39.258680+00:00
t1_jepa_100,night_adverse,motor,mAP75,0.17401,566,12,False,2026-09-10T03:22:39.258680+00:00
t1_jepa_100,night_adverse,bike,mAP50-95,0.18069,566,34,False,2026-09-10T03:22:39.258680+00:00
t1_jepa_100,night_adverse,bike,mAP50,0.37697,566,34,False,2026-09-10T03:22:39.258680+00:00
t1_jepa_100,night_adverse,bike,mAP75,0.13026,566,34,False,2026-09-10T03:22:39.258680+00:00
t1_jepa_100,night_clear,all,mAP50-95,0.32366,3274,31550,True,2026-09-10T03:22:39.258680+00:00
t1_jepa_100,night_clear,all,mAP50,0.5445,3274,31550,True,2026-09-10T03:22:39.258680+00:00
t1_jepa_100,night_clear,all,mAP75,0.30903,3274,31550,True,2026-09-10T03:22:39.258680+00:00
t1_jepa_100,night_clear,car,mAP50-95,0.43002,3274,30489,True,2026-09-10T03:22:39.258680+00:00
t1_jepa_100,night_clear,car,mAP50,0.7681,3274,30489,True,2026-09-10T03:22:39.258680+00:00
t1_jepa_100,night_clear,car,mAP75,0.40546,3274,30489,True,2026-09-10T03:22:39.258680+00:00
t1_jepa_100,night_clear,truck,mAP50-95,0.39854,3274,577,False,2026-09-10T03:22:39.258680+00:00
t1_jepa_100,night_clear,truck,mAP50,0.54934,3274,577,False,2026-09-10T03:22:39.258680+00:00
t1_jepa_100,night_clear,truck,mAP75,0.44416,3274,577,False,2026-09-10T03:22:39.258680+00:00
t1_jepa_100,night_clear,bus,mAP50-95,0.37138,3274,251,False,2026-09-10T03:22:39.258680+00:00
t1_jepa_100,night_clear,bus,mAP50,0.4761,3274,251,False,2026-09-10T03:22:39.258680+00:00
t1_jepa_100,night_clear,bus,mAP75,0.41409,3274,251,False,2026-09-10T03:22:39.258680+00:00
t1_jepa_100,night_clear,motor,mAP50-95,0.17881,3274,81,False,2026-09-10T03:22:39.258680+00:00
t1_jepa_100,night_clear,motor,mAP50,0.44429,3274,81,False,2026-09-10T03:22:39.258680+00:00
t1_jepa_100,night_clear,motor,mAP75,0.08472,3274,81,False,2026-09-10T03:22:39.258680+00:00
t1_jepa_100,night_clear,bike,mAP50-95,0.23957,3274,152,False,2026-09-10T03:22:39.258680+00:00
t1_jepa_100,night_clear,bike,mAP50,0.48465,3274,152,False,2026-09-10T03:22:39.258680+00:00
t1_jepa_100,night_clear,bike,mAP75,0.19671,3274,152,False,2026-09-10T03:22:39.258680+00:00
t1_jepa_100,night_rainy,all,mAP50-95,0.38562,286,2535,True,2026-09-10T03:22:39.258680+00:00
t1_jepa_100,night_rainy,all,mAP50,0.57067,286,2535,True,2026-09-10T03:22:39.258680+00:00
t1_jepa_100,night_rainy,all,mAP75,0.40245,286,2535,True,2026-09-10T03:22:39.258680+00:00
t1_jepa_100,night_rainy,car,mAP50-95,0.4394,286,2416,True,2026-09-10T03:22:39.258680+00:00
t1_jepa_100,night_rainy,car,mAP50,0.75158,286,2416,True,2026-09-10T03:22:39.258680+00:00
t1_jepa_100,night_rainy,car,mAP75,0.44043,286,2416,True,2026-09-10T03:22:39.258680+00:00
t1_jepa_100,night_rainy,truck,mAP50-95,0.45466,286,72,False,2026-09-10T03:22:39.258680+00:00
t1_jepa_100,night_rainy,truck,mAP50,0.64516,286,72,False,2026-09-10T03:22:39.258680+00:00
t1_jepa_100,night_rainy,truck,mAP75,0.48883,286,72,False,2026-09-10T03:22:39.258680+00:00
t1_jepa_100,night_rainy,bus,mAP50-95,0.61625,286,22,False,2026-09-10T03:22:39.258680+00:00
t1_jepa_100,night_rainy,bus,mAP50,0.75736,286,22,False,2026-09-10T03:22:39.258680+00:00
t1_jepa_100,night_rainy,bus,mAP75,0.65594,286,22,False,2026-09-10T03:22:39.258680+00:00
t1_jepa_100,night_rainy,motor,mAP50-95,0.13846,286,10,False,2026-09-10T03:22:39.258680+00:00
t1_jepa_100,night_rainy,motor,mAP50,0.23338,286,10,False,2026-09-10T03:22:39.258680+00:00
t1_jepa_100,night_rainy,motor,mAP75,0.17162,286,10,False,2026-09-10T03:22:39.258680+00:00
t1_jepa_100,night_rainy,bike,mAP50-95,0.27932,286,15,False,2026-09-10T03:22:39.258680+00:00
t1_jepa_100,night_rainy,bike,mAP50,0.46587,286,15,False,2026-09-10T03:22:39.258680+00:00
t1_jepa_100,night_rainy,bike,mAP75,0.25545,286,15,False,2026-09-10T03:22:39.258680+00:00
t1_jepa_100,night_snowy,all,mAP50-95,0.28866,273,2374,True,2026-09-10T03:22:39.258680+00:00
t1_jepa_100,night_snowy,all,mAP50,0.4573,273,2374,True,2026-09-10T03:22:39.258680+00:00
t1_jepa_100,night_snowy,all,mAP75,0.30244,273,2374,True,2026-09-10T03:22:39.258680+00:00
t1_jepa_100,night_snowy,car,mAP50-95,0.45765,273,2251,True,2026-09-10T03:22:39.258680+00:00
t1_jepa_100,night_snowy,car,mAP50,0.79186,273,2251,True,2026-09-10T03:22:39.258680+00:00
t1_jepa_100,night_snowy,car,mAP75,0.43828,273,2251,True,2026-09-10T03:22:39.258680+00:00
t1_jepa_100,night_snowy,truck,mAP50-95,0.30163,273,83,False,2026-09-10T03:22:39.258680+00:00
t1_jepa_100,night_snowy,truck,mAP50,0.42834,273,83,False,2026-09-10T03:22:39.258680+00:00
t1_jepa_100,night_snowy,truck,mAP75,0.30927,273,83,False,2026-09-10T03:22:39.258680+00:00
t1_jepa_100,night_snowy,bus,mAP50-95,0.37417,273,19,False,2026-09-10T03:22:39.258680+00:00
t1_jepa_100,night_snowy,bus,mAP50,0.48787,273,19,False,2026-09-10T03:22:39.258680+00:00
t1_jepa_100,night_snowy,bus,mAP75,0.48787,273,19,False,2026-09-10T03:22:39.258680+00:00
t1_jepa_100,night_snowy,motor,mAP50-95,0.20198,273,2,False,2026-09-10T03:22:39.258680+00:00
t1_jepa_100,night_snowy,motor,mAP50,0.25248,273,2,False,2026-09-10T03:22:39.258680+00:00
t1_jepa_100,night_snowy,motor,mAP75,0.25248,273,2,False,2026-09-10T03:22:39.258680+00:00
t1_jepa_100,night_snowy,bike,mAP50-95,0.10789,273,19,False,2026-09-10T03:22:39.258680+00:00
t1_jepa_100,night_snowy,bike,mAP50,0.32597,273,19,False,2026-09-10T03:22:39.258680+00:00
t1_jepa_100,night_snowy,bike,mAP75,0.02428,273,19,False,2026-09-10T03:22:39.258680+00:00
t1_jepa_100,overcast,all,mAP50-95,0.3449,1239,15505,True,2026-09-10T03:22:39.258680+00:00
t1_jepa_100,overcast,all,mAP50,0.55156,1239,15505,True,2026-09-10T03:22:39.258680+00:00
t1_jepa_100,overcast,all,mAP75,0.33858,1239,15505,True,2026-09-10T03:22:39.258680+00:00
t1_jepa_100,overcast,car,mAP50-95,0.50928,1239,14370,True,2026-09-10T03:22:39.258680+00:00
t1_jepa_100,overcast,car,mAP50,0.80943,1239,14370,True,2026-09-10T03:22:39.258680+00:00
t1_jepa_100,overcast,car,mAP75,0.51576,1239,14370,True,2026-09-10T03:22:39.258680+00:00
t1_jepa_100,overcast,truck,mAP50-95,0.43566,1239,660,False,2026-09-10T03:22:39.258680+00:00
t1_jepa_100,overcast,truck,mAP50,0.60305,1239,660,False,2026-09-10T03:22:39.258680+00:00
t1_jepa_100,overcast,truck,mAP75,0.46597,1239,660,False,2026-09-10T03:22:39.258680+00:00
t1_jepa_100,overcast,bus,mAP50-95,0.4116,1239,262,False,2026-09-10T03:22:39.258680+00:00
t1_jepa_100,overcast,bus,mAP50,0.54404,1239,262,False,2026-09-10T03:22:39.258680+00:00
t1_jepa_100,overcast,bus,mAP75,0.4448,1239,262,False,2026-09-10T03:22:39.258680+00:00
t1_jepa_100,overcast,motor,mAP50-95,0.14133,1239,72,False,2026-09-10T03:22:39.258680+00:00
t1_jepa_100,overcast,motor,mAP50,0.31412,1239,72,False,2026-09-10T03:22:39.258680+00:00
t1_jepa_100,overcast,motor,mAP75,0.09963,1239,72,False,2026-09-10T03:22:39.258680+00:00
t1_jepa_100,overcast,bike,mAP50-95,0.22661,1239,141,False,2026-09-10T03:22:39.258680+00:00
t1_jepa_100,overcast,bike,mAP50,0.48718,1239,141,False,2026-09-10T03:22:39.258680+00:00
t1_jepa_100,overcast,bike,mAP75,0.16673,1239,141,False,2026-09-10T03:22:39.258680+00:00
t1_jepa_100,partlycloudy,all,mAP50-95,0.35441,738,9256,True,2026-09-10T03:22:39.258680+00:00
t1_jepa_100,partlycloudy,all,mAP50,0.55045,738,9256,True,2026-09-10T03:22:39.258680+00:00
t1_jepa_100,partlycloudy,all,mAP75,0.36963,738,9256,True,2026-09-10T03:22:39.258680+00:00
t1_jepa_100,partlycloudy,car,mAP50-95,0.49091,738,8526,True,2026-09-10T03:22:39.258680+00:00
t1_jepa_100,partlycloudy,car,mAP50,0.78569,738,8526,True,2026-09-10T03:22:39.258680+00:00
t1_jepa_100,partlycloudy,car,mAP75,0.49797,738,8526,True,2026-09-10T03:22:39.258680+00:00
t1_jepa_100,partlycloudy,truck,mAP50-95,0.44182,738,454,False,2026-09-10T03:22:39.258680+00:00
t1_jepa_100,partlycloudy,truck,mAP50,0.60307,738,454,False,2026-09-10T03:22:39.258680+00:00
t1_jepa_100,partlycloudy,truck,mAP75,0.46167,738,454,False,2026-09-10T03:22:39.258680+00:00
t1_jepa_100,partlycloudy,bus,mAP50-95,0.4168,738,142,False,2026-09-10T03:22:39.258680+00:00
t1_jepa_100,partlycloudy,bus,mAP50,0.53829,738,142,False,2026-09-10T03:22:39.258680+00:00
t1_jepa_100,partlycloudy,bus,mAP75,0.45896,738,142,False,2026-09-10T03:22:39.258680+00:00
t1_jepa_100,partlycloudy,motor,mAP50-95,0.25344,738,65,False,2026-09-10T03:22:39.258680+00:00
t1_jepa_100,partlycloudy,motor,mAP50,0.44886,738,65,False,2026-09-10T03:22:39.258680+00:00
t1_jepa_100,partlycloudy,motor,mAP75,0.27214,738,65,False,2026-09-10T03:22:39.258680+00:00
t1_jepa_100,partlycloudy,bike,mAP50-95,0.1691,738,69,False,2026-09-10T03:22:39.258680+00:00
t1_jepa_100,partlycloudy,bike,mAP50,0.37633,738,69,False,2026-09-10T03:22:39.258680+00:00
t1_jepa_100,partlycloudy,bike,mAP75,0.1574,738,69,False,2026-09-10T03:22:39.258680+00:00
t1_jepa_100,rainy,all,mAP50-95,0.35977,737,7541,True,2026-09-10T03:22:39.258680+00:00
t1_jepa_100,rainy,all,mAP50,0.55742,737,7541,True,2026-09-10T03:22:39.258680+00:00
t1_jepa_100,rainy,all,mAP75,0.37618,737,7541,True,2026-09-10T03:22:39.258680+00:00
t1_jepa_100,rainy,car,mAP50-95,0.48571,737,6944,True,2026-09-10T03:22:39.258680+00:00
t1_jepa_100,rainy,car,mAP50,0.7908,737,6944,True,2026-09-10T03:22:39.258680+00:00
t1_jepa_100,rainy,car,mAP75,0.49031,737,6944,True,2026-09-10T03:22:39.258680+00:00
t1_jepa_100,rainy,truck,mAP50-95,0.43592,737,378,False,2026-09-10T03:22:39.258680+00:00
t1_jepa_100,rainy,truck,mAP50,0.62324,737,378,False,2026-09-10T03:22:39.258680+00:00
t1_jepa_100,rainy,truck,mAP75,0.4901,737,378,False,2026-09-10T03:22:39.258680+00:00
t1_jepa_100,rainy,bus,mAP50-95,0.4266,737,132,False,2026-09-10T03:22:39.258680+00:00
t1_jepa_100,rainy,bus,mAP50,0.55661,737,132,False,2026-09-10T03:22:39.258680+00:00
t1_jepa_100,rainy,bus,mAP75,0.46663,737,132,False,2026-09-10T03:22:39.258680+00:00
t1_jepa_100,rainy,motor,mAP50-95,0.19402,737,30,False,2026-09-10T03:22:39.258680+00:00
t1_jepa_100,rainy,motor,mAP50,0.31909,737,30,False,2026-09-10T03:22:39.258680+00:00
t1_jepa_100,rainy,motor,mAP75,0.21375,737,30,False,2026-09-10T03:22:39.258680+00:00
t1_jepa_100,rainy,bike,mAP50-95,0.25661,737,57,False,2026-09-10T03:22:39.258680+00:00
t1_jepa_100,rainy,bike,mAP50,0.49734,737,57,False,2026-09-10T03:22:39.258680+00:00
t1_jepa_100,rainy,bike,mAP75,0.22009,737,57,False,2026-09-10T03:22:39.258680+00:00
t1_jepa_100,snowy,all,mAP50-95,0.28658,769,8080,True,2026-09-10T03:22:39.258680+00:00
t1_jepa_100,snowy,all,mAP50,0.44957,769,8080,True,2026-09-10T03:22:39.258680+00:00
t1_jepa_100,snowy,all,mAP75,0.29633,769,8080,True,2026-09-10T03:22:39.258680+00:00
t1_jepa_100,snowy,car,mAP50-95,0.48928,769,7486,True,2026-09-10T03:22:39.258680+00:00
t1_jepa_100,snowy,car,mAP50,0.79788,769,7486,True,2026-09-10T03:22:39.258680+00:00
t1_jepa_100,snowy,car,mAP75,0.48692,769,7486,True,2026-09-10T03:22:39.258680+00:00
t1_jepa_100,snowy,truck,mAP50-95,0.41359,769,371,False,2026-09-10T03:22:39.258680+00:00
t1_jepa_100,snowy,truck,mAP50,0.56829,769,371,False,2026-09-10T03:22:39.258680+00:00
t1_jepa_100,snowy,truck,mAP75,0.46931,769,371,False,2026-09-10T03:22:39.258680+00:00
t1_jepa_100,snowy,bus,mAP50-95,0.33336,769,133,False,2026-09-10T03:22:39.258680+00:00
t1_jepa_100,snowy,bus,mAP50,0.42543,769,133,False,2026-09-10T03:22:39.258680+00:00
t1_jepa_100,snowy,bus,mAP75,0.38043,769,133,False,2026-09-10T03:22:39.258680+00:00
t1_jepa_100,snowy,motor,mAP50-95,0.06059,769,9,False,2026-09-10T03:22:39.258680+00:00
t1_jepa_100,snowy,motor,mAP50,0.16238,769,9,False,2026-09-10T03:22:39.258680+00:00
t1_jepa_100,snowy,motor,mAP75,0.02376,769,9,False,2026-09-10T03:22:39.258680+00:00
t1_jepa_100,snowy,bike,mAP50-95,0.13609,769,81,False,2026-09-10T03:22:39.258680+00:00
t1_jepa_100,snowy,bike,mAP50,0.29389,769,81,False,2026-09-10T03:22:39.258680+00:00
t1_jepa_100,snowy,bike,mAP75,0.12121,769,81,False,2026-09-10T03:22:39.258680+00:00
